source_file,topic_url,format,render_status,assets_copied,rendered_lines,error
2004/accademia2.doc,sources/2004_accademia2_552b6932251013.html,.doc,legacy-doc-transcription,0,0,
2004/cagliostro.doc,sources/2004_cagliostro_b6fbad840ec7cb.html,.doc,legacy-doc-transcription,0,0,
"2005/Alerik, Mel, GB dirupo.doc",sources/2005_alerik_mel_gb_dirupo_ae2529da88e2af.html,.doc,legacy-doc-transcription,0,0,
2005/grande gween.doc,sources/2005_grande_gween_0c1486b3d98e47.html,.doc,legacy-doc-transcription,0,0,
2005/hethil tre spade.doc,sources/2005_hethil_tre_spade_4782c2e70b1055.html,.doc,legacy-doc-transcription,0,0,
"2005/Mirael, Alerik piazzale. Sparlando di Isabelle.doc",sources/2005_mirael_alerik_piazzale_sparlando_di_isabelle_15e6e44a52d203.html,.doc,legacy-doc-transcription,0,0,
2005/moth bosco sacro.doc,sources/2005_moth_bosco_sacro_ee88c41f590cfc.html,.doc,legacy-doc-transcription,0,0,
2005/strana fatata.doc,sources/2005_strana_fatata_5f96d68eaec421.html,.doc,legacy-doc-transcription,0,0,
2005/sultha e fratelli bosco sacro.doc,sources/2005_sultha_e_fratelli_bosco_sacro_87872735d80064.html,.doc,legacy-doc-transcription,0,0,
"2005/thamior bosco, confessioni.doc",sources/2005_thamior_bosco_confessioni_598b202e712ef0.html,.doc,legacy-doc-transcription,0,0,
2005/Zaharil posto dei noccioli.doc,sources/2005_zaharil_posto_dei_noccioli_5209f283136a9c.html,.doc,legacy-doc-transcription,0,0,
2006/2006.10.29.An.Kni.Vahn.deserto.doc,sources/2006_2006_10_29_an_kni_vahn_deserto_be02b302b307c2.html,.doc,legacy-doc-transcription,0,0,
2006/Field ritrovo spiaggia.doc,sources/2006_field_ritrovo_spiaggia_287319385933b0.html,.doc,legacy-doc-transcription,0,0,
"2006/Mase, tenda di Vahn. Progetto partenza.doc",sources/2006_mase_tenda_di_vahn_progetto_partenza_563f24ba3a3dcb.html,.doc,legacy-doc-transcription,0,0,
"2006/Mothgaur, ritrovo al bosco.doc",sources/2006_mothgaur_ritrovo_al_bosco_eee91cbd169b96.html,.doc,legacy-doc-transcription,0,0,
"2006/mothgaur, stanza le tre spade.doc",sources/2006_mothgaur_stanza_le_tre_spade_3edcd0008f2474.html,.doc,legacy-doc-transcription,0,0,
"2006/Ohara, Flinny bosco sacro.doc",sources/2006_ohara_flinny_bosco_sacro_5853cbda02a0b4.html,.doc,legacy-doc-transcription,0,0,
"2006/Sultha bosco sacro, io lupo.doc",sources/2006_sultha_bosco_sacro_io_lupo_a692a11de14618.html,.doc,legacy-doc-transcription,0,0,
2007/070203 - Merenwen e Vahn.docx,sources/2007_070203_-_merenwen_e_vahn_c17645d12c576e.html,.docx,rich_docx,0,34,
2019/follie.html,sources/2019_follie_f08e3ce009cbd9.html,.html,html-original,0,0,
2019/GdR Mekylius - Mek & Vahn a parlare in stanza - { Taverna di Necromunda 17.06.06}.doc,sources/2019_gdr_mekylius_-_mek_vahn_a_parlare_in_stanza_-_taverna_di_necromunda_17_06_06_52fbf5fb857ad8.html,.doc,legacy-doc-transcription,0,0,
2019/knives.html,sources/2019_knives_ace1ae0db97a68.html,.html,html-original,0,0,
2019/lussuria.html,sources/2019_lussuria_c7ffd47397651e.html,.html,html-original,0,0,
2019/Maraviglia.html,sources/2019_maraviglia_44b4e6639e682d.html,.html,html-original,0,0,
2019/post esorcismo.html,sources/2019_post_esorcismo_ffcab931b001eb.html,.html,html-original,0,0,
"2019/Rhen, Celine, Enrick, Nicodemus.doc",sources/2019_rhen_celine_enrick_nicodemus_7d61b93c56986e.html,.doc,legacy-doc-transcription,0,0,
2019/siamo tutti culi.html,sources/2019_siamo_tutti_culi_5196e30acebf61.html,.html,html-original,0,0,
2019/sogno2.html,sources/2019_sogno2_b6a96516caf287.html,.html,html-original,0,0,
2019/sparlare.html,sources/2019_sparlare_f44da839f14bde.html,.html,html-original,0,0,
2019/Vahnademafrancislake.txt,sources/2019_vahnademafrancislake_866e977e9f0429.html,.txt,text-transcription,0,0,
2019/vendere anima.html,sources/2019_vendere_anima_31220ecbec1f5c.html,.html,html-original,0,0,
2025/Adema Keleldur - presidio - cosa sacrificheresti per Ghileas?.docx,sources/2025_adema_keleldur_-_presidio_-_cosa_sacrificheresti_per_ghileas_48ca1a56490afe.html,.docx,rich_docx,2,25,
2025/Adema Keleldur duello - ordalia ghileas.docx,sources/2025_adema_keleldur_duello_-_ordalia_ghileas_a5492e807704e5.html,.docx,rich_docx,2,13,
2025/Adema Keleldur Maseeri - Piazzale.docx,sources/2025_adema_keleldur_maseeri_-_piazzale_f32cf3631d5d8c.html,.docx,rich_docx,6,45,
2025/Adema Keleldur Vahn - caserma.docx,sources/2025_adema_keleldur_vahn_-_caserma_3458223b680632.html,.docx,rich_docx,6,57,
2025/Adema Khael Etain Maseeri Mall Arioch - Cueva.docx,sources/2025_adema_khael_etain_maseeri_mall_arioch_-_cueva_6ec991b86eafc9.html,.docx,rich_docx,11,82,
2025/Adema Mase Kel Vahn - Casa delle Stelle - primo consiglio di guerra.docx,sources/2025_adema_mase_kel_vahn_-_casa_delle_stelle_-_primo_consiglio_di_guerra_496cf225e63f4a.html,.docx,rich_docx,6,136,
2025/Adema Maseeri Vahn - Lazzaretto Palazzo Ducale.docx,sources/2025_adema_maseeri_vahn_-_lazzaretto_palazzo_ducale_6836e0e965acef.html,.docx,rich_docx,5,29,
2025/Adema Vahn - Accademia.docx,sources/2025_adema_vahn_-_accademia_d7ed370e9048d2.html,.docx,rich_docx,4,17,
2025/Adema Vahn - Casa delle Stelle - 11 novembre 2025.docx,sources/2025_adema_vahn_-_casa_delle_stelle_-_11_novembre_2025_731a328e8ef6df.html,.docx,rich_docx,4,10,
2025/Adema Vahn - via del Campo - Ghileas - 3 ottobre 2025.docx,sources/2025_adema_vahn_-_via_del_campo_-_ghileas_-_3_ottobre_2025_a94e6c9974f210.html,.docx,rich_docx,4,20,
2025/Adema Vahn Francis Rivka Maseeri Bill Mogan Arphenix- Cueva - 1 ottobre 2025.docx,sources/2025_adema_vahn_francis_rivka_maseeri_bill_mogan_arphenix-_cueva_-_1_ottobre_2025_7c01956b4ea310.html,.docx,rich_docx,12,129,
"2025/Adema, Keleldur, Vahn, Arioch, Malll - Cueva.docx",sources/2025_adema_keleldur_vahn_arioch_malll_-_cueva_4adc7238e000ee.html,.docx,rich_docx,6,49,
2025/Akuma Mase Vahn - via dei gigli.docx,sources/2025_akuma_mase_vahn_-_via_dei_gigli_0a9ca0299e44f9.html,.docx,rich_docx,5,34,
2025/Almandine Vahn - Palazzo del Duca - storia di Darkeyes.docx,sources/2025_almandine_vahn_-_palazzo_del_duca_-_storia_di_darkeyes_a40ed254113ec1.html,.docx,rich_docx,4,19,
2025/Ariel Adema Vahn - Accademia csr - 10 ottobre 2025 - accordi commerciali.docx,sources/2025_ariel_adema_vahn_-_accademia_csr_-_10_ottobre_2025_-_accordi_commerciali_795e1d56c253fc.html,.docx,rich_docx,6,31,
2025/Ariel Mase Syl Vahn Blue - Cueva - le stelle erranti si allargano.docx,sources/2025_ariel_mase_syl_vahn_blue_-_cueva_-_le_stelle_erranti_si_allargano_16f3b3a60d0efc.html,.docx,rich_docx,8,146,
2025/Arioch Maseeri spiaggia Ghileas.docx,sources/2025_arioch_maseeri_spiaggia_ghileas_8a5cfcf2dcdffe.html,.docx,rich_docx,4,30,
2025/Arioch Vahn Maseeri - Moli e Cueva.docx,sources/2025_arioch_vahn_maseeri_-_moli_e_cueva_adae0f96e05a1d.html,.docx,rich_docx,6,49,
2025/arph Vahn - affari - piazzale Ghileas.docx,sources/2025_arph_vahn_-_affari_-_piazzale_ghileas_349953a7fb3165.html,.docx,rich_docx,3,23,
2025/Arph Vahn moda.docx,sources/2025_arph_vahn_moda_8df77c4f421eaa.html,.docx,rich_docx,3,38,
2025/Bill Maseeri Vahn - mercato Shuameb - 25 Novembre 2025.docx,sources/2025_bill_maseeri_vahn_-_mercato_shuameb_-_25_novembre_2025_28edd50dd804ea.html,.docx,rich_docx,5,34,
2025/Bill Mogan Mase Vahn - Kraken Nero - 16 Novembre 2025.docx,sources/2025_bill_mogan_mase_vahn_-_kraken_nero_-_16_novembre_2025_77d215fc3149a3.html,.docx,rich_docx,7,61,
2025/Bill Mogan Maseeri Vahn - partenza Kraken Nero - 19 Novembre 2025.docx,sources/2025_bill_mogan_maseeri_vahn_-_partenza_kraken_nero_-_19_novembre_2025_84c8aa55b22761.html,.docx,rich_docx,7,41,
2025/Bill Mogan Maseeri Vahn - quest Kraken 1 - 24 Novembre 2025.docx,sources/2025_bill_mogan_maseeri_vahn_-_quest_kraken_1_-_24_novembre_2025_9e072adc717831.html,.docx,rich_docx,7,48,
2025/Bill Mogan Vahn Mase - Kraken Nero - 14 Dicembre 2025.docx,sources/2025_bill_mogan_vahn_mase_-_kraken_nero_-_14_dicembre_2025_c43e903d335c2b.html,.docx,rich_docx,7,35,
2025/Bill Vahn - Cueva - 6 Novembre 2025.docx,sources/2025_bill_vahn_-_cueva_-_6_novembre_2025_6421bae08b9097.html,.docx,rich_docx,4,26,
2025/Blue Mase Vahn - moli.docx,sources/2025_blue_mase_vahn_-_moli_8fd4d2c55f94e3.html,.docx,rich_docx,5,57,
2025/Cena con Adema - Refettorio Accademia.docx,sources/2025_cena_con_adema_-_refettorio_accademia_df4dc61cdcc0b9.html,.docx,rich_docx,4,31,
2025/Coccobello 2.docx,sources/2025_coccobello_2_9d7a156c40e173.html,.docx,rich_docx,9,315,
2025/COCCOBELLO BY NIGHT La Coccobello appare al tramonto in tutta la sua bellezza.docx,sources/2025_coccobello_by_night_la_coccobello_appare_al_tramonto_in_tutta_la_sua_bellezza_b20a3a16abf195.html,.docx,rich_docx,17,136,
2025/Coccobello vs Punta Ventosa.docx,sources/2025_coccobello_vs_punta_ventosa_3de72f2c122223.html,.docx,rich_docx,8,62,
2025/Consiglio di Guerra - 9 ottobre 2025.docx,sources/2025_consiglio_di_guerra_-_9_ottobre_2025_788630860e8ba2.html,.docx,rich_docx,11,203,
2025/Corwin Ade Arph Jago - taverna.docx,sources/2025_corwin_ade_arph_jago_-_taverna_149990c6d054b1.html,.docx,rich_docx,9,49,
2025/Corwin Mase Vahn - Locanda tre Spade - diplomazia.docx,sources/2025_corwin_mase_vahn_-_locanda_tre_spade_-_diplomazia_4d980928dc668d.html,.docx,rich_docx,5,56,
2025/Cueva Ariel tarocchi e Dei.docx,sources/2025_cueva_ariel_tarocchi_e_dei_a69b188a0935f0.html,.docx,rich_docx,6,46,
2025/Demios Maseeri Vahn - Bosco Elfico - 11 Novembre 2025.docx,sources/2025_demios_maseeri_vahn_-_bosco_elfico_-_11_novembre_2025_cd2fad303afdb2.html,.docx,rich_docx,5,33,
2025/E vissero tutti..._ - QUEST 4.pdf,sources/2025_e_vissero_tutti___-_quest_4_0ac39ab71a42c3.html,.pdf,pdf-transcription,0,0,
2025/Elanoer Vahn - locanda le tre spade.docx,sources/2025_elanoer_vahn_-_locanda_le_tre_spade_9f5bd42cacf4d1.html,.docx,rich_docx,4,21,
2025/Ertai Arioch Lulu Maseeri - Accademia Fengard - 14 Luglio.docx,sources/2025_ertai_arioch_lulu_maseeri_-_accademia_fengard_-_14_luglio_d3ccbb3a1976ae.html,.docx,rich_docx,8,35,
2025/Euridas Vahn Mirodek - locanda tre spade - 12 Novembre 2025.docx,sources/2025_euridas_vahn_mirodek_-_locanda_tre_spade_-_12_novembre_2025_4347e29167d1e1.html,.docx,rich_docx,6,51,
2025/Francis Mase Vahn - piazzale Ghileas.docx,sources/2025_francis_mase_vahn_-_piazzale_ghileas_55c632d80e9807.html,.docx,rich_docx,5,44,
2025/gara di stornelli - giglio in festa - 13 novembre 2025.docx,sources/2025_gara_di_stornelli_-_giglio_in_festa_-_13_novembre_2025_21b0671746deb3.html,.docx,rich_docx,10,213,
2025/Giglio in festa - 9 novembre 2025.docx,sources/2025_giglio_in_festa_-_9_novembre_2025_aa042afc97b824.html,.docx,rich_docx,18,276,
2025/Il cuore del Tempio di Vestral (quest) 3.pdf,sources/2025_il_cuore_del_tempio_di_vestral_quest_3_bae8bc1be33a64.html,.pdf,pdf-transcription,0,0,
2025/IL FERRO SPEZZATO - QUEST NECRO - La forgia e il golem.docx,sources/2025_il_ferro_spezzato_-_quest_necro_-_la_forgia_e_il_golem_65cd2e6cc4cf1f.html,.docx,rich_docx,10,50,
2025/IL FERRO SPEZZATO - QUEST NECRO - Monastero Fogne.docx,sources/2025_il_ferro_spezzato_-_quest_necro_-_monastero_fogne_2ae769889d539d.html,.docx,rich_docx,6,22,
2025/IL FERRO SPEZZATO - QUEST NECRO - Sfida finale.docx,sources/2025_il_ferro_spezzato_-_quest_necro_-_sfida_finale_2e57b9c2831d84.html,.docx,rich_docx,9,44,
2025/IL FERRO SPEZZATO - QUEST NECRO Norgroth sfere.docx,sources/2025_il_ferro_spezzato_-_quest_necro_norgroth_sfere_b2fec814491818.html,.docx,rich_docx,12,66,
2025/Isole Capovolte - quest 2 - 11 Dicembre 2025.docx,sources/2025_isole_capovolte_-_quest_2_-_11_dicembre_2025_7e4e59c4a55e9b.html,.docx,rich_docx,9,72,
2025/Isole Capovolte quest 1 - Bill Mogan Maseeri Vahn - 9 Dicembre 2025.docx,sources/2025_isole_capovolte_quest_1_-_bill_mogan_maseeri_vahn_-_9_dicembre_2025_dec4789405416c.html,.docx,rich_docx,7,55,
2025/Kaelen Vahn - locanda le tre spade - 6 Novembre 2025.docx,sources/2025_kaelen_vahn_-_locanda_le_tre_spade_-_6_novembre_2025_9ad624dc0ee10a.html,.docx,rich_docx,4,19,
2025/Kel Mase Vahn - casa delle stelle - 16 Novembre 2025.docx,sources/2025_kel_mase_vahn_-_casa_delle_stelle_-_16_novembre_2025_78ab885c090191.html,.docx,rich_docx,6,26,
2025/Keleldur Adema Maseeri Vahn - piazzale Ghileas.docx,sources/2025_keleldur_adema_maseeri_vahn_-_piazzale_ghileas_de83f97fd2e2c3.html,.docx,rich_docx,6,43,
2025/Keleldur Akuma Adema Maseeri Vahn - Ordalia - quest di Vestral scontro Akuma Kel.docx,sources/2025_keleldur_akuma_adema_maseeri_vahn_-_ordalia_-_quest_di_vestral_scontro_akuma_kel_ca4c8a7a016ad9.html,.docx,rich_docx,7,49,
2025/Kraken Nero - 04 Novembre 2025.docx,sources/2025_kraken_nero_-_04_novembre_2025_a44a643042e989.html,.docx,rich_docx,13,121,
2025/La pioggia cade da ore.docx,sources/2025_la_pioggia_cade_da_ore_6a7348fbdfc896.html,.docx,rich_docx,11,116,
2025/Liberazione di Ghileas dallo spirito di Akan.docx,sources/2025_liberazione_di_ghileas_dallo_spirito_di_akan_5dd2367d47cc64.html,.docx,rich_docx,6,27,
2025/Lilium Vahn - via dei Matti - 4 ottobre 2025.docx,sources/2025_lilium_vahn_-_via_dei_matti_-_4_ottobre_2025_003fbebe7a80b6.html,.docx,rich_docx,4,37,
2025/Lulu Maseeri Arioch Mirodek Elanoer - Taverna Fengard - 15 luglio.docx,sources/2025_lulu_maseeri_arioch_mirodek_elanoer_-_taverna_fengard_-_15_luglio_ce7949a1334e64.html,.docx,rich_docx,10,58,
2025/Mase tham vahn - piazza fengard - vestral.docx,sources/2025_mase_tham_vahn_-_piazza_fengard_-_vestral_577e2ab4132e6c.html,.docx,rich_docx,7,58,
2025/Mase Vahn - accademia senza re.docx,sources/2025_mase_vahn_-_accademia_senza_re_60776f4b20dbac.html,.docx,rich_docx,3,42,
2025/MAse Vahn - bosco sacro.docx,sources/2025_mase_vahn_-_bosco_sacro_51e1ced879d3f4.html,.docx,rich_docx,3,27,
2025/Mase Vahn - inaugurazione casa delle Stelle.docx,sources/2025_mase_vahn_-_inaugurazione_casa_delle_stelle_f0d0abfc1e94d0.html,.docx,rich_docx,3,44,
2025/Mase Vahn - Mercato Shuameb - 30 Novembre 2025.docx,sources/2025_mase_vahn_-_mercato_shuameb_-_30_novembre_2025_109921e339e825.html,.docx,rich_docx,3,16,
2025/Mase Vahn cantiere Palazzo Ducale - 27 Settembre 2025.docx,sources/2025_mase_vahn_cantiere_palazzo_ducale_-_27_settembre_2025_756ed67657827e.html,.docx,rich_docx,3,19,
2025/Mase Vahn pressi Cueva.docx,sources/2025_mase_vahn_pressi_cueva_d8c390d1144764.html,.docx,rich_docx,4,18,
2025/Mase Vahn sussurri nella notte.docx,sources/2025_mase_vahn_sussurri_nella_notte_c7cbbb27e43f7e.html,.docx,rich_docx,3,33,
2025/Mase Vahn Thamior taverna tre spade.docx,sources/2025_mase_vahn_thamior_taverna_tre_spade_2088c9c3951598.html,.docx,rich_docx,6,68,
2025/Maseeri Aelric taverna feng.docx,sources/2025_maseeri_aelric_taverna_feng_0dd3dc02f9e5c8.html,.docx,rich_docx,6,36,
2025/Maseeri pianificare Locanda Fengard.docx,sources/2025_maseeri_pianificare_locanda_fengard_6f08987bbbd685.html,.docx,rich_docx,4,30,
2025/Maseeri Vahn - locanda le tre spade - ricetta Panacea - 8 ottobre 2025.docx,sources/2025_maseeri_vahn_-_locanda_le_tre_spade_-_ricetta_panacea_-_8_ottobre_2025_55d9942e81ef16.html,.docx,rich_docx,3,21,
2025/Maseeri Vahn - spiaggia - 19 Settembre 2025.docx,sources/2025_maseeri_vahn_-_spiaggia_-_19_settembre_2025_9d41f52e545f2c.html,.docx,rich_docx,3,17,
2025/Maseeri Vahn carretto - piazzale Ghileas.docx,sources/2025_maseeri_vahn_carretto_-_piazzale_ghileas_a9404595890500.html,.docx,rich_docx,4,39,
2025/Maseeri Vahn-parco Fengard.docx,sources/2025_maseeri_vahn-parco_fengard_a538a0f06f381d.html,.docx,rich_docx,4,26,
2025/Mirodek Keleldur primo duello - Mase Vahn dal fruttivendolo e bangla.docx,sources/2025_mirodek_keleldur_primo_duello_-_mase_vahn_dal_fruttivendolo_e_bangla_b5881c36fad751.html,.docx,rich_docx,3,37,
2025/Partenza per Ghileas - Adema Khael Etain Mase.docx,sources/2025_partenza_per_ghileas_-_adema_khael_etain_mase_17be3c63eeb177.html,.docx,rich_docx,7,62,
2025/Primo consiglio del triumvirato - 27 Ottobre 2025.docx,sources/2025_primo_consiglio_del_triumvirato_-_27_ottobre_2025_ad14a7a792e549.html,.docx,rich_docx,8,34,
2025/quest Vestral - Arph Ariel Syl Vahn - Piazza Ghileas.docx,sources/2025_quest_vestral_-_arph_ariel_syl_vahn_-_piazza_ghileas_2da9aced025ced.html,.docx,rich_docx,7,50,
2025/Quest vestral - piazzale accademia - 2 ottobre 2025.docx,sources/2025_quest_vestral_-_piazzale_accademia_-_2_ottobre_2025_156424fea2fa81.html,.docx,rich_docx,11,56,
2025/Quest Vestral 2 - Piazzale Ghileas - 22 Setembre 2025.docx,sources/2025_quest_vestral_2_-_piazzale_ghileas_-_22_setembre_2025_d4dae2eea1e793.html,.docx,rich_docx,9,93,
2025/Quest vestral 3 - accademia - tutti assieme.docx,sources/2025_quest_vestral_3_-_accademia_-_tutti_assieme_282bd84fe92c22.html,.docx,rich_docx,11,152,
2025/Quest Vestral 4 - Piazzale Accademia - 17 Ottobre.docx,sources/2025_quest_vestral_4_-_piazzale_accademia_-_17_ottobre_f786f59c29cae9.html,.docx,rich_docx,11,48,
2025/Quest Vestral 5 - Accademia - 21 Ottobre 2025.docx,sources/2025_quest_vestral_5_-_accademia_-_21_ottobre_2025_9d764b432b6bf4.html,.docx,rich_docx,10,71,
2025/Rhyannor Vahn - Rifugio Guardaboschi.docx,sources/2025_rhyannor_vahn_-_rifugio_guardaboschi_23d23682be63df.html,.docx,rich_docx,4,37,
2025/Rituale in piazza - Ariel Sylvi Mase Tham Vahn.docx,sources/2025_rituale_in_piazza_-_ariel_sylvi_mase_tham_vahn_a4bf0661e183e2.html,.docx,rich_docx,7,67,
2025/Rivka vahn - locanda tre spade - 30 settembre 2025.docx,sources/2025_rivka_vahn_-_locanda_tre_spade_-_30_settembre_2025_97600e0b6b17e2.html,.docx,rich_docx,4,30,
2025/Schuameb - quest isole capovolte - Bill Mogan Maseeri Vahn - 18 Dicembre 2025.docx,sources/2025_schuameb_-_quest_isole_capovolte_-_bill_mogan_maseeri_vahn_-_18_dicembre_2025_eb4a163030449c.html,.docx,rich_docx,7,35,
2025/Schuameb quest 3 - Bill Maseeri Vahn - 1 Dicembre 2025.docx,sources/2025_schuameb_quest_3_-_bill_maseeri_vahn_-_1_dicembre_2025_97421756106b84.html,.docx,rich_docx,5,43,
2025/Shuameb quest 2 - Bill Mogan Maseeri Vahn - 30 Novembre 2025.docx,sources/2025_shuameb_quest_2_-_bill_mogan_maseeri_vahn_-_30_novembre_2025_ebf3d5e8c9c10b.html,.docx,rich_docx,9,40,
2025/Shuameb quest 4 - Bill Mogan Maseeri Vahn - 5 e 7 Dicembre 2025.docx,sources/2025_shuameb_quest_4_-_bill_mogan_maseeri_vahn_-_5_e_7_dicembre_2025_3a98aead3e5f7c.html,.docx,rich_docx,7,104,
2025/Sianna Izayoi ariel Vahn - locanda tre spade - 9 nov 2025.docx,sources/2025_sianna_izayoi_ariel_vahn_-_locanda_tre_spade_-_9_nov_2025_3c7aaa69410c6c.html,.docx,rich_docx,7,18,
2025/sugli sugli bana bana.docx,sources/2025_sugli_sugli_bana_bana_d053bc02d75f6b.html,.docx,rich_docx,11,19,
2025/Sulla Kraken Nero - Bill Maseeri Vahn - 8 Dicembre 2025.docx,sources/2025_sulla_kraken_nero_-_bill_maseeri_vahn_-_8_dicembre_2025_08f60406eff4cc.html,.docx,rich_docx,5,25,
2025/Sylvimar Maseeri Vahn Keleldur Francis - casa delle stelle - Francis in convalescenza.docx,sources/2025_sylvimar_maseeri_vahn_keleldur_francis_-_casa_delle_stelle_-_francis_in_convalescenza_274a4151dd9512.html,.docx,rich_docx,8,74,
2025/Sylvimar Vahn - Bosco Sacro - 6 Novembre 2025 - lezione morso del cobra 1.docx,sources/2025_sylvimar_vahn_-_bosco_sacro_-_6_novembre_2025_-_lezione_morso_del_cobra_1_3077cb7452782e.html,.docx,rich_docx,4,18,
2025/Sylvimar Vahn - Casa delle Stelle - 22 Settembre 2025.docx,sources/2025_sylvimar_vahn_-_casa_delle_stelle_-_22_settembre_2025_f64f5513a72cd0.html,.docx,rich_docx,4,19,
2025/Sylvimar Vahn - casa delle stelle - 30 settembre 2025.docx,sources/2025_sylvimar_vahn_-_casa_delle_stelle_-_30_settembre_2025_bc6f0d84910bdd.html,.docx,rich_docx,6,37,
2025/Tham Mase Adema Arioch - fiume fengard.docx,sources/2025_tham_mase_adema_arioch_-_fiume_fengard_39a641512a21c6.html,.docx,rich_docx,7,115,
2025/Tham Mase Vahn Keleldur - Accademia - Quest con Sianna.docx,sources/2025_tham_mase_vahn_keleldur_-_accademia_-_quest_con_sianna_05c7ddee7bcf5d.html,.docx,rich_docx,6,111,
2025/Torre_della_Vedova_II.pdf,sources/2025_torre_della_vedova_ii_030b43d1343fc9.html,.pdf,pdf-transcription,0,0,
2025/Vahn - Allenamento Spada 1.docx,sources/2025_vahn_-_allenamento_spada_1_1c0fa615ccab43.html,.docx,rich_docx,0,5,
2025/Vahn Adema - lavori cantiere Locanda.docx,sources/2025_vahn_adema_-_lavori_cantiere_locanda_b3a67eee487e07.html,.docx,rich_docx,3,17,
2025/Vahn Adema keleldur Mase - Locanda - storiella di Malll e l'orchessa.docx,sources/2025_vahn_adema_keleldur_mase_-_locanda_-_storiella_di_malll_e_l_orchessa_2ba7cc9046360c.html,.docx,rich_docx,5,41,
2025/Vahn al cantiere della Torre di Guardia Nord-Ovest.docx,sources/2025_vahn_al_cantiere_della_torre_di_guardia_nord-ovest_efb5f3c50c1c88.html,.docx,rich_docx,2,3,
2025/Vahn cimitero per MAD.docx,sources/2025_vahn_cimitero_per_mad_2cc03e266d9ef9.html,.docx,rich_docx,2,3,
2025/Vahn e Thamior - Parco di Fengard - 6 Luglio 2025.docx,sources/2025_vahn_e_thamior_-_parco_di_fengard_-_6_luglio_2025_59c453c7a20536.html,.docx,rich_docx,4,37,
2025/Vos Vahn cantiere Cueva.docx,sources/2025_vos_vahn_cantiere_cueva_31b1c91dfcdad5.html,.docx,rich_docx,4,56,
2026/23-04-2026 Guerra contro il chaos.docx,sources/2026_23-04-2026_guerra_contro_il_chaos_a79782b98c7930.html,.docx,rich_docx,8,43,
2026/260111 - Urwen Bill Mogan Maseeri - campo da guerra Necromunda.docx,sources/2026_260111_-_urwen_bill_mogan_maseeri_-_campo_da_guerra_necromunda_123bc9395bfc3f.html,.docx,rich_docx,8,39,
2026/260118 - Bill Mase Vahn Urwen - Porto Tellar.docx,sources/2026_260118_-_bill_mase_vahn_urwen_-_porto_tellar_1693e300e2e1da.html,.docx,rich_docx,6,37,
2026/260119 - Maseeri Vahn - Locanda Porto Tellar.docx,sources/2026_260119_-_maseeri_vahn_-_locanda_porto_tellar_818c880b54c9af.html,.docx,rich_docx,3,27,
2026/260203 - Mase Mirodek Vahn - piazza Necro.docx,sources/2026_260203_-_mase_mirodek_vahn_-_piazza_necro_523baa14999a50.html,.docx,rich_docx,5,48,
2026/260205 - Necromunda Piazza - Euridas Dexane Alerik Vahn.docx,sources/2026_260205_-_necromunda_piazza_-_euridas_dexane_alerik_vahn_3fb2a4d7c7fa69.html,.docx,rich_docx,7,53,
2026/260208 - Sianna Vahn - Biblioteca di Necromunda.docx,sources/2026_260208_-_sianna_vahn_-_biblioteca_di_necromunda_c30c9e3de8e6e5.html,.docx,rich_docx,7,40,
2026/260210 - Mirodek Euridas Dareh Reginald - Fossa di Necromunda.docx,sources/2026_260210_-_mirodek_euridas_dareh_reginald_-_fossa_di_necromunda_b53bdf44ba5f19.html,.docx,rich_docx,6,40,
2026/260210 - Sogno di animali - Sylvimar Maseeri Vahn PetaloRosso.docx,sources/2026_260210_-_sogno_di_animali_-_sylvimar_maseeri_vahn_petalorosso_a7fb4458920d2e.html,.docx,rich_docx,7,31,
2026/260212 - Mase Syl Vahn - locanda Necro.docx,sources/2026_260212_-_mase_syl_vahn_-_locanda_necro_2b35b7cff40da0.html,.docx,rich_docx,7,44,
2026/260213 - Mase Miro Vahn - lago necro.docx,sources/2026_260213_-_mase_miro_vahn_-_lago_necro_66f76ca92c7cb9.html,.docx,rich_docx,6,64,
2026/260214 - Mase Vahn - Porto Tellar Locanda.docx,sources/2026_260214_-_mase_vahn_-_porto_tellar_locanda_ad760d66822b5f.html,.docx,rich_docx,3,16,
2026/260216 - Mase Bill Vahn - Porto Tellar - Pugna dei Vivi.docx,sources/2026_260216_-_mase_bill_vahn_-_porto_tellar_-_pugna_dei_vivi_8b19e154e7e8c5.html,.docx,rich_docx,6,36,
2026/260218 - Locanda Tellar - Mirodek Elanoer Maseeri Vahn.docx,sources/2026_260218_-_locanda_tellar_-_mirodek_elanoer_maseeri_vahn_6d2510b7d7f1af.html,.docx,rich_docx,7,36,
2026/260224 - Alerik e Vahn - giocate via missiva - camera tre spade.docx,sources/2026_260224_-_alerik_e_vahn_-_giocate_via_missiva_-_camera_tre_spade_baeb7b88c5ba01.html,.docx,rich_docx,0,50,
2026/260226 - Adema Vahn - cancelli di Ghileas.docx,sources/2026_260226_-_adema_vahn_-_cancelli_di_ghileas_70e4eb3ce6c341.html,.docx,rich_docx,4,12,
2026/260304 - Ariel Kel Mihawk Vahn - Cueva.docx,sources/2026_260304_-_ariel_kel_mihawk_vahn_-_cueva_0080c7ae76451d.html,.docx,rich_docx,7,41,
2026/260305 - Domus Aurea - Akuma Vahn Kaelen Maseeri.docx,sources/2026_260305_-_domus_aurea_-_akuma_vahn_kaelen_maseeri_0b204a88e7f350.html,.docx,rich_docx,5,22,
2026/260306 - Presidio Ghileas - Francis Almandine Adema Vahn.docx,sources/2026_260306_-_presidio_ghileas_-_francis_almandine_adema_vahn_be4449dc8a24ca.html,.docx,rich_docx,7,45,
2026/260309 - Rituale Bosco Sacro.docx,sources/2026_260309_-_rituale_bosco_sacro_8507b7ed55e884.html,.docx,rich_docx,7,32,
2026/260319 - Lenian Vahn - Accampamento Concilio Ghileas Necro - Bosco.docx,sources/2026_260319_-_lenian_vahn_-_accampamento_concilio_ghileas_necro_-_bosco_9722fadf855910.html,.docx,rich_docx,4,21,
2026/260320 - Vahn Thamior - Accampamento concilio necromunda ghileas - laghetto.docx,sources/2026_260320_-_vahn_thamior_-_accampamento_concilio_necromunda_ghileas_-_laghetto_bacd2aea634a25.html,.docx,rich_docx,4,21,
2026/260321 - Mase Vahn - tenda accampamento.docx,sources/2026_260321_-_mase_vahn_-_tenda_accampamento_1c1caf61b01365.html,.docx,rich_docx,3,12,
2026/260323 - Euridas Vahn - Spettacolo di Burattini alla tenda taverna.docx,sources/2026_260323_-_euridas_vahn_-_spettacolo_di_burattini_alla_tenda_taverna_05069301a44c44.html,.docx,rich_docx,3,41,
2026/260324 - Campo concilio - Francis Mirodek Elanoer Vahn.docx,sources/2026_260324_-_campo_concilio_-_francis_mirodek_elanoer_vahn_e514bd0ca5060c.html,.docx,rich_docx,7,59,
2026/260325 - Kel vs Adema.docx,sources/2026_260325_-_kel_vs_adema_f53f067a6a7a4a.html,.docx,rich_docx,4,65,
2026/260325 - tenda taverna - Balinor Mirodek Reginald Vahn.docx,sources/2026_260325_-_tenda_taverna_-_balinor_mirodek_reginald_vahn_6c51bf6777192d.html,.docx,rich_docx,7,60,
2026/260326 - Francis Sylvimar Mase Vahn - Battuta di caccia o organizzazione del matrimonio?.docx,sources/2026_260326_-_francis_sylvimar_mase_vahn_-_battuta_di_caccia_o_organizzazione_del_matrimonio_6462e875dac169.html,.docx,rich_docx,7,38,
2026/260328 - Funerale di Adema.docx,sources/2026_260328_-_funerale_di_adema_18a87e5119f869.html,.docx,rich_docx,10,47,
"2026/260329 - Accademia Stanza di Kel - Interrogatorio a Keleldur - Maseeri, Francis, Vahn, Keleldur.docx",sources/2026_260329_-_accademia_stanza_di_kel_-_interrogatorio_a_keleldur_-_maseeri_francis_vahn_keleldur_c7b749d97f9baf.html,.docx,rich_docx,6,25,
2026/260331 - Quest bosco elfico 1 - Vahn Maseeri Izayoi Mynoth Euridas.docx,sources/2026_260331_-_quest_bosco_elfico_1_-_vahn_maseeri_izayoi_mynoth_euridas_c4633ef71b077b.html,.docx,rich_docx,6,45,
2026/260403 - Sianna e Vahn - laghetto concilio.docx,sources/2026_260403_-_sianna_e_vahn_-_laghetto_concilio_63d3616bc9f3e4.html,.docx,rich_docx,4,19,
2026/260403 - Urwen Vahn - limitare del bosco.docx,sources/2026_260403_-_urwen_vahn_-_limitare_del_bosco_eee2dd96b70391.html,.docx,rich_docx,4,20,
2026/260404 - Almandine Vahn Manor - campo addestramento.docx,sources/2026_260404_-_almandine_vahn_manor_-_campo_addestramento_4a6b628d06936b.html,.docx,rich_docx,7,35,
2026/260407 - Maseeri Mogan Vahn - Cueva.docx,sources/2026_260407_-_maseeri_mogan_vahn_-_cueva_cd423817e6373e.html,.docx,rich_docx,5,41,
2026/260411 - Sylvimar Vahn - Cueva sotto il ginepro.docx,sources/2026_260411_-_sylvimar_vahn_-_cueva_sotto_il_ginepro_c9a4a82c6ceb2c.html,.docx,rich_docx,4,15,
2026/260412 - Vahn Kaelen - Domus.docx,sources/2026_260412_-_vahn_kaelen_-_domus_cf75bcb2a8295b.html,.docx,rich_docx,4,12,
2026/260423 - Quest Vento Est - Battaglia campale - Sylvimar Euridas Izayoi Vahn.docx,sources/2026_260423_-_quest_vento_est_-_battaglia_campale_-_sylvimar_euridas_izayoi_vahn_7fbd8f38c51769.html,.docx,rich_docx,9,35,
2026/260427 - Adema Francis - Accademia - condanna a morte.docx,sources/2026_260427_-_adema_francis_-_accademia_-_condanna_a_morte_811bb17d1ed76b.html,.docx,rich_docx,3,36,
2026/260427 - Sender Vahn - Bosco Sacro.docx,sources/2026_260427_-_sender_vahn_-_bosco_sacro_ca7639e7f348d1.html,.docx,rich_docx,3,23,
2026/260430 - Maseeri Vahn - Casa delle stelle.docx,sources/2026_260430_-_maseeri_vahn_-_casa_delle_stelle_4e8c0de7a95a77.html,.docx,rich_docx,3,23,
2026/260501 - Adema Vahn - Accademia ultima cena.docx,sources/2026_260501_-_adema_vahn_-_accademia_ultima_cena_2b3f94e4cc3a11.html,.docx,rich_docx,4,17,
2026/260503 - Bill Vahn - Pugna dei Vivi porto Tellar.docx,sources/2026_260503_-_bill_vahn_-_pugna_dei_vivi_porto_tellar_4b897039544ede.html,.docx,rich_docx,4,23,
2026/260503 - Mogan e Vahn - spettacolo per mare Coccobello Libeccio nero.docx,sources/2026_260503_-_mogan_e_vahn_-_spettacolo_per_mare_coccobello_libeccio_nero_8ca7a5b71ba072.html,.docx,rich_docx,4,19,
2026/260505 - Almandine Kaelen Vahn - Spiaggia porto Tellar (1).docx,sources/2026_260505_-_almandine_kaelen_vahn_-_spiaggia_porto_tellar_1_9151f396ec350e.html,.docx,rich_docx,4,25,
2026/260507 - Adema Francis Sylvimar Vahn - Piazza Ghileas - esecuzione di Adema.docx,sources/2026_260507_-_adema_francis_sylvimar_vahn_-_piazza_ghileas_-_esecuzione_di_adema_131bfb11c5fdae.html,.docx,rich_docx,7,24,
2026/260507 - Izayoi Vahn - Taverna Tellar.docx,sources/2026_260507_-_izayoi_vahn_-_taverna_tellar_cba2672d1f65d4.html,.docx,rich_docx,4,14,
2026/260509 - Keleldur Vahn - cantiere navale Ghileas.docx,sources/2026_260509_-_keleldur_vahn_-_cantiere_navale_ghileas_b4488eb1672897.html,.docx,rich_docx,4,13,
2026/260511 - Maseeri Vahn - Casa delle Stelle - Faro.docx,sources/2026_260511_-_maseeri_vahn_-_casa_delle_stelle_-_faro_1beb5ff7de55c8.html,.docx,rich_docx,3,17,
2026/260513 - Bill Mogan Almanadine Blue - Kraken Nero - gara di scalata.docx,sources/2026_260513_-_bill_mogan_almanadine_blue_-_kraken_nero_-_gara_di_scalata_b1aac755412797.html,.docx,rich_docx,6,48,
2026/260604 - Fato a Mogan Bill - Sovrintendente di Tellar.docx,sources/2026_260604_-_fato_a_mogan_bill_-_sovrintendente_di_tellar_9b6faf70ff0a79.html,.docx,rich_docx,4,20,
2026/260624 - Maseeri Ertai Mynoth - Fauci - Roccanera ok.docx,sources/2026_260624_-_maseeri_ertai_mynoth_-_fauci_-_roccanera_ok_3849a854dcdd12.html,.docx,rich_docx,6,30,
2026/260708 - Bill Maseeri Vahn - Golfo Amstel.docx,sources/2026_260708_-_bill_maseeri_vahn_-_golfo_amstel_1e671639a76828.html,.docx,rich_docx,5,26,
2026/260710 - Elvaan e Vahn - Fauci del Drago - recupero oggetti gnomo.docx,sources/2026_260710_-_elvaan_e_vahn_-_fauci_del_drago_-_recupero_oggetti_gnomo_598f297a2e68f4.html,.docx,rich_docx,4,17,
2026/A colloquio dal Re dei Nani.docx,sources/2026_a_colloquio_dal_re_dei_nani_80b1e2a92f1545.html,.docx,rich_docx,6,37,
2026/infiltraggio2_a_Tellar_MOGAN_URWEN_DEMIOS_fato_Sianna_alla_Bocca.docx,sources/2026_infiltraggio2_a_tellar_mogan_urwen_demios_fato_sianna_alla_bocca_c0c97d3cbc1b6b.html,.docx,rich_docx,6,33,
2026/La fossa di Ferro 01.02.26.docx,sources/2026_la_fossa_di_ferro_01_02_26_79b52c3235beaa.html,.docx,rich_docx,5,39,
2026/macroquest_ ATTO I - Bill (1).docx,sources/2026_macroquest__atto_i_-_bill_1_a08379be2c0532.html,.docx,rich_docx,6,71,
